trip_id,pickup_lat,pickup_lon,dropoff_lat,dropoff_lon,trip_distance_km,hour,weekday,weather,traffic_level,trip_duration_minutes,created_at
TRIP00528,40.801834,-73.834051,40.689163,-73.872286,12.67,20,3,cloudy,medium,41.19,2026-08-24T20:15:00Z
TRIP00095,40.782317,-73.82576,40.732624,-74.01602,7.24,4,4,cloudy,high,32.26,2026-08-11T04:15:00Z
TRIP00044,40.802207,-73.844582,40.699836,-73.940837,2.5,22,5,cloudy,high,32.62,2026-08-16T22:15:00Z
TRIP00590,40.837177,-73.892724,40.600579,-73.896548,19.27,2,2,clear,medium,53.68,2026-08-02T02:15:00Z
TRIP00259,40.616143,-73.999973,40.78075,-73.897251,27.06,11,4,snow,high,93.48,2026-08-07T11:15:00Z
TRIP00127,40.627039,-74.003112,40.751117,-73.852676,8.1,17,0,clear,high,44.47,2026-08-15T17:15:00Z
TRIP00147,40.682913,-73.812397,40.707334,-73.996727,6.47,23,4,cloudy,high,40.2,2026-08-07T23:15:00Z
TRIP00129,40.830638,-73.832106,40.778727,-73.985073,19.28,23,1,rain,high,70.98,2026-08-17T23:15:00Z
TRIP00161,40.784486,-73.928664,40.601362,-73.81686,23.06,15,0,cloudy,low,55.51,2026-08-21T15:15:00Z
TRIP00358,40.678474,-73.889054,40.611848,-74.033239,5.07,2,3,cloudy,medium,26.63,2026-08-22T02:15:00Z
TRIP00596,40.709126,-73.954322,40.684217,-73.861793,13.79,11,5,clear,low,39.05,2026-08-08T11:15:00Z
TRIP00303,40.672365,-73.820001,40.748611,-73.950164,7.02,2,2,cloudy,high,41.38,2026-08-23T02:15:00Z
TRIP00542,40.664946,-74.029766,40.6252,-73.838075,10.85,11,5,rain,low,39.89,2026-08-10T11:15:00Z
TRIP00499,40.630526,-73.932645,40.706925,-73.981255,24.43,11,6,clear,medium,64.54,2026-08-23T11:15:00Z
TRIP00062,40.747248,-73.967852,40.753835,-73.889783,13.37,13,4,snow,low,48.42,2026-08-06T13:15:00Z
TRIP00541,40.741934,-73.871617,40.680842,-73.874066,20.69,4,0,clear,high,66.38,2026-08-09T04:15:00Z
TRIP00059,40.811899,-73.910942,40.701768,-73.855769,17.76,16,0,snow,low,64.41,2026-08-03T16:15:00Z
TRIP00323,40.820636,-74.026705,40.844321,-73.854771,3.77,3,5,rain,low,21.11,2026-08-15T03:15:00Z
TRIP00130,40.722585,-73.823904,40.794463,-73.885995,25.14,3,3,rain,medium,74.95,2026-08-18T03:15:00Z
TRIP00308,40.70588,-73.996742,40.735671,-74.025141,10.5,18,0,cloudy,low,35.01,2026-08-28T18:15:00Z
TRIP00371,40.673083,-73.997534,40.828775,-73.970198,21.33,18,4,clear,low,56.98,2026-08-07T18:15:00Z
TRIP00160,40.639121,-74.021594,40.628202,-73.977462,4.1,3,6,snow,high,40.83,2026-08-20T03:15:00Z
TRIP00112,40.781981,-73.945148,40.671234,-73.822741,26.79,21,5,snow,low,78.16,2026-08-28T21:15:00Z
TRIP00424,40.770013,-74.01101,40.672766,-73.877965,4.22,7,3,clear,medium,32.42,2026-08-04T07:15:00Z
TRIP00011,40.704447,-73.925882,40.838889,-73.804248,16.42,15,4,rain,low,46.52,2026-08-11T15:15:00Z
TRIP00152,40.752395,-73.872964,40.619122,-73.848065,25.62,22,2,snow,high,86.05,2026-08-12T22:15:00Z
TRIP00437,40.639482,-73.993742,40.677844,-73.933507,14.99,12,5,cloudy,medium,45.17,2026-08-17T12:15:00Z
TRIP00595,40.821187,-73.872998,40.707665,-74.037494,10.11,13,2,cloudy,low,29.98,2026-08-07T13:15:00Z
TRIP00418,40.824508,-73.895436,40.73821,-73.815087,4.93,21,5,cloudy,medium,27.98,2026-08-26T21:15:00Z
TRIP00586,40.700919,-73.803143,40.805945,-73.844971,4.3,23,5,rain,medium,33.98,2026-08-26T23:15:00Z
TRIP00229,40.630875,-73.825513,40.719295,-73.999394,23.58,5,0,clear,medium,62.02,2026-08-05T05:15:00Z
TRIP00523,40.796036,-73.86965,40.607275,-74.008897,13.9,12,0,cloudy,medium,42.06,2026-08-19T12:15:00Z
TRIP00569,40.756922,-73.817841,40.716494,-73.906446,11.39,15,1,snow,medium,48.91,2026-08-09T15:15:00Z
TRIP00403,40.76845,-73.859914,40.667301,-74.028035,20.45,7,0,clear,high,70.65,2026-08-11T07:15:00Z
TRIP00553,40.677599,-73.805995,40.681266,-73.885298,16.18,5,2,rain,medium,48.23,2026-08-21T05:15:00Z
TRIP00194,40.683622,-74.012657,40.803315,-73.895561,21.84,12,3,clear,low,50.54,2026-08-26T12:15:00Z
TRIP00484,40.736439,-74.038093,40.715253,-73.952741,12.17,14,2,snow,high,59.24,2026-08-08T14:15:00Z
TRIP00376,40.832015,-73.903923,40.736042,-73.990034,23.06,5,5,clear,medium,58.18,2026-08-12T05:15:00Z
TRIP00387,40.679107,-73.826439,40.662316,-73.925441,12.69,12,2,cloudy,high,52.83,2026-08-23T12:15:00Z
TRIP00094,40.7024,-73.938679,40.795645,-73.909542,16.62,15,6,rain,medium,49.59,2026-08-10T15:15:00Z
TRIP00515,40.708655,-73.924298,40.710256,-74.040624,8.3,17,3,rain,medium,43.05,2026-08-11T17:15:00Z
TRIP00413,40.810119,-73.916277,40.835917,-73.801629,7.58,12,6,cloudy,low,27.17,2026-08-21T12:15:00Z
TRIP00084,40.727865,-73.950112,40.773908,-73.891512,7.83,19,0,clear,medium,31.19,2026-08-28T19:15:00Z
TRIP00310,40.738394,-73.813405,40.802313,-73.992803,18.0,5,5,snow,low,61.41,2026-08-02T05:15:00Z
TRIP00471,40.655415,-73.980878,40.68909,-74.029246,6.94,2,1,cloudy,high,35.57,2026-08-23T02:15:00Z
TRIP00213,40.607429,-73.903102,40.740688,-73.843494,12.94,2,4,rain,low,37.99,2026-08-17T02:15:00Z
TRIP00495,40.669614,-73.984839,40.674859,-74.010328,1.24,7,1,rain,low,16.27,2026-08-19T07:15:00Z
TRIP00563,40.768227,-73.965175,40.700428,-73.972599,11.22,18,2,clear,low,29.31,2026-08-03T18:15:00Z
TRIP00263,40.708917,-73.934978,40.634405,-73.988598,27.92,19,0,clear,high,87.99,2026-08-11T19:15:00Z
TRIP00421,40.686746,-73.95559,40.785182,-73.860929,16.62,7,5,cloudy,low,57.22,2026-08-01T07:15:00Z
TRIP00009,40.666719,-73.891727,40.602297,-74.02147,27.27,3,2,snow,low,72.28,2026-08-09T03:15:00Z
TRIP00567,40.654703,-73.951388,40.766848,-73.847448,7.42,5,5,rain,medium,39.24,2026-08-07T05:15:00Z
TRIP00368,40.64594,-73.904116,40.763417,-73.803793,25.98,21,1,rain,high,85.09,2026-08-04T21:15:00Z
TRIP00463,40.731975,-74.033767,40.602214,-73.898913,24.98,21,6,snow,high,83.94,2026-08-15T21:15:00Z
TRIP00284,40.667569,-73.960047,40.678585,-73.821142,22.55,8,4,snow,medium,77.64,2026-08-04T08:15:00Z
TRIP00176,40.736366,-73.866101,40.841333,-73.821227,27.5,12,5,cloudy,medium,74.73,2026-08-08T12:15:00Z
TRIP00476,40.818447,-73.815094,40.629861,-73.965033,22.18,17,6,rain,medium,80.59,2026-08-28T17:15:00Z
TRIP00543,40.61875,-73.807222,40.660773,-73.946121,5.99,5,6,clear,high,38.83,2026-08-11T05:15:00Z
TRIP00406,40.624464,-73.920624,40.716727,-73.909113,21.78,3,1,cloudy,medium,62.5,2026-08-14T03:15:00Z
TRIP00398,40.67079,-73.819635,40.608077,-73.873936,20.1,13,3,rain,low,53.0,2026-08-06T13:15:00Z
TRIP00017,40.81201,-74.011097,40.724729,-73.949996,25.66,19,4,cloudy,medium,73.63,2026-08-17T19:15:00Z
TRIP00379,40.644382,-73.986609,40.735863,-73.910459,16.22,16,6,cloudy,high,63.32,2026-08-15T16:15:00Z
TRIP00023,40.74498,-73.987005,40.61921,-73.999747,18.63,10,4,cloudy,high,65.23,2026-08-23T10:15:00Z
TRIP00273,40.840838,-73.939694,40.74434,-73.936638,2.34,23,2,snow,low,20.55,2026-08-21T23:15:00Z
TRIP00245,40.822633,-73.850024,40.841965,-73.965577,4.15,4,5,snow,low,25.11,2026-08-21T04:15:00Z
TRIP00375,40.610046,-73.964736,40.83697,-73.864419,24.17,18,3,rain,low,64.37,2026-08-11T18:15:00Z
TRIP00256,40.843964,-73.833515,40.797751,-73.999052,26.06,6,2,rain,low,60.06,2026-08-04T06:15:00Z
TRIP00016,40.825557,-73.820765,40.625699,-73.866008,5.87,7,1,snow,low,31.98,2026-08-16T07:15:00Z
TRIP00033,40.643924,-73.958523,40.847568,-73.912405,23.81,9,1,clear,high,77.45,2026-08-05T09:15:00Z
TRIP00580,40.784217,-73.891668,40.844201,-74.005261,18.47,16,0,clear,medium,56.13,2026-08-20T16:15:00Z
TRIP00163,40.605343,-73.884353,40.742145,-73.920318,23.9,2,2,clear,medium,57.89,2026-08-23T02:15:00Z
TRIP00278,40.748015,-73.975442,40.721938,-73.83206,16.44,23,5,clear,medium,47.3,2026-08-26T23:15:00Z
TRIP00453,40.700649,-73.90883,40.624484,-73.866335,6.88,13,3,snow,low,30.04,2026-08-05T13:15:00Z
TRIP00262,40.721372,-73.926684,40.766936,-73.973457,14.72,19,1,snow,low,55.2,2026-08-10T19:15:00Z
TRIP00060,40.755604,-73.912034,40.791453,-73.836619,5.72,7,3,clear,medium,31.3,2026-08-04T07:15:00Z
TRIP00526,40.812171,-73.908588,40.648771,-74.022236,3.27,8,0,clear,high,36.45,2026-08-22T08:15:00Z
TRIP00341,40.83062,-73.877189,40.755038,-73.883067,10.73,21,3,cloudy,medium,43.11,2026-08-05T21:15:00Z
TRIP00235,40.820223,-73.907662,40.831323,-73.983064,3.19,11,1,clear,low,11.93,2026-08-11T11:15:00Z
TRIP00014,40.84417,-74.031275,40.834095,-73.971821,13.91,8,5,rain,low,48.68,2026-08-14T08:15:00Z
TRIP00209,40.842718,-73.866186,40.798209,-73.899644,1.77,22,6,cloudy,medium,15.98,2026-08-13T22:15:00Z
TRIP00126,40.816181,-73.82195,40.674179,-73.880103,9.47,18,0,cloudy,high,44.5,2026-08-14T18:15:00Z
TRIP00155,40.849875,-73.972263,40.745093,-74.041425,11.62,6,4,snow,high,56.99,2026-08-15T06:15:00Z
TRIP00494,40.742877,-74.026376,40.631425,-73.864005,19.59,6,2,snow,high,76.36,2026-08-18T06:15:00Z
TRIP00071,40.846885,-74.033497,40.625282,-73.918716,5.58,0,2,snow,medium,33.96,2026-08-15T00:15:00Z
TRIP00055,40.624437,-73.892942,40.814211,-73.944325,10.46,17,6,clear,high,55.95,2026-08-27T17:15:00Z
TRIP00270,40.688258,-73.880408,40.742022,-73.947487,11.87,4,4,snow,low,41.77,2026-08-18T04:15:00Z
TRIP00012,40.671783,-74.027517,40.751945,-73.800886,22.12,0,1,snow,high,76.68,2026-08-12T00:15:00Z
TRIP00316,40.846069,-73.948981,40.787242,-74.043564,11.6,15,4,clear,low,23.31,2026-08-08T15:15:00Z
TRIP00404,40.732502,-74.000047,40.78412,-73.808839,13.04,16,1,cloudy,high,64.04,2026-08-12T16:15:00Z
TRIP00251,40.614832,-74.046647,40.675772,-74.047833,17.81,11,1,clear,low,39.78,2026-08-27T11:15:00Z
TRIP00063,40.610843,-74.033759,40.609914,-73.95934,11.11,18,6,cloudy,high,53.57,2026-08-07T18:15:00Z
TRIP00207,40.694559,-73.909613,40.684637,-73.816905,2.58,21,0,cloudy,low,10.98,2026-08-11T21:15:00Z
TRIP00390,40.659967,-74.012436,40.631113,-73.883193,12.11,9,4,snow,low,46.02,2026-08-26T09:15:00Z
TRIP00170,40.629703,-73.971015,40.686668,-73.936256,10.76,16,2,snow,medium,52.14,2026-08-02T16:15:00Z
TRIP00110,40.756226,-73.80623,40.62714,-74.031957,2.2,7,4,cloudy,medium,23.8,2026-08-26T07:15:00Z
TRIP00540,40.718363,-73.925054,40.641169,-73.922396,22.08,23,3,rain,medium,67.97,2026-08-08T23:15:00Z
TRIP00470,40.801697,-73.922166,40.619371,-73.950308,10.1,9,6,rain,medium,42.84,2026-08-22T09:15:00Z
TRIP00428,40.644263,-73.94261,40.748228,-73.915715,20.26,15,2,rain,low,51.28,2026-08-08T15:15:00Z
TRIP00038,40.776776,-73.971866,40.708152,-73.818069,26.1,3,6,cloudy,medium,70.04,2026-08-10T03:15:00Z
TRIP00258,40.713186,-73.942832,40.741165,-73.958325,2.31,12,0,rain,low,15.28,2026-08-06T12:15:00Z
TRIP00292,40.729546,-73.854803,40.793265,-73.997491,20.24,6,1,clear,low,49.6,2026-08-12T06:15:00Z
TRIP00219,40.756512,-73.888412,40.700756,-73.94129,22.76,19,5,cloudy,low,63.02,2026-08-23T19:15:00Z
TRIP00286,40.619085,-74.022617,40.701302,-73.932409,27.02,4,6,rain,low,69.92,2026-08-06T04:15:00Z
TRIP00562,40.785182,-74.035025,40.804489,-73.89914,19.97,21,2,snow,high,78.11,2026-08-02T21:15:00Z
TRIP00409,40.808568,-73.938039,40.608822,-73.918267,12.79,16,5,cloudy,high,60.14,2026-08-17T16:15:00Z
TRIP00566,40.830585,-73.92758,40.705215,-73.915231,6.2,10,4,snow,medium,32.1,2026-08-06T10:15:00Z
TRIP00560,40.669358,-73.821917,40.684307,-73.905268,3.39,14,3,clear,medium,14.41,2026-08-28T14:15:00Z
TRIP00239,40.687366,-73.960802,40.783147,-73.873567,8.97,19,0,snow,medium,54.42,2026-08-15T19:15:00Z
TRIP00272,40.814572,-73.981469,40.759351,-73.809581,13.14,14,2,rain,low,42.22,2026-08-20T14:15:00Z
TRIP00468,40.744176,-73.829915,40.808744,-73.806457,16.71,18,0,rain,high,72.22,2026-08-20T18:15:00Z
TRIP00052,40.768322,-73.89978,40.835543,-73.932197,8.56,17,0,clear,high,46.98,2026-08-24T17:15:00Z
TRIP00474,40.75169,-73.808554,40.793218,-73.890588,4.23,14,4,clear,high,35.75,2026-08-26T14:15:00Z
BAD001,,-73.9,40.7,-73.8,5,8,1,clear,low,20,2026-08-01T08:00:00Z
TRIP00179,40.646224,-73.983314,40.600553,-73.909675,3.06,6,4,clear,low,11.33,2026-08-11T06:15:00Z
TRIP00417,40.62629,-73.948692,40.68029,-73.900022,1.46,4,1,clear,medium,13.33,2026-08-25T04:15:00Z
TRIP00238,40.706159,-73.929207,40.6337,-73.976711,18.22,2,0,clear,low,43.05,2026-08-14T02:15:00Z
TRIP00097,40.707925,-73.902867,40.798676,-73.846129,1.05,6,4,clear,medium,16.37,2026-08-13T06:15:00Z
TRIP00036,40.608025,-73.850071,40.763509,-73.802172,15.96,3,4,clear,low,43.52,2026-08-08T03:15:00Z
TRIP00306,40.800039,-74.010949,40.625869,-73.934593,2.96,16,2,rain,high,41.35,2026-08-26T16:15:00Z
TRIP00442,40.745025,-73.83746,40.780581,-73.995269,1.05,9,5,clear,low,12.58,2026-08-22T09:15:00Z
TRIP00423,40.797559,-73.809456,40.691121,-73.903216,27.42,8,3,cloudy,medium,75.88,2026-08-03T08:15:00Z
TRIP00120,40.688345,-73.956987,40.61415,-73.914474,17.34,2,6,clear,high,57.24,2026-08-08T02:15:00Z
TRIP00189,40.662018,-73.923419,40.80701,-74.049067,22.44,22,6,clear,medium,60.99,2026-08-21T22:15:00Z
TRIP00102,40.640253,-73.912163,40.778517,-73.870713,10.27,4,6,cloudy,low,22.4,2026-08-18T04:15:00Z
TRIP00351,40.839872,-73.980882,40.836769,-73.867831,14.8,0,6,cloudy,medium,51.66,2026-08-15T00:15:00Z
TRIP00436,40.656245,-73.928834,40.676555,-73.804438,15.63,10,2,rain,high,59.9,2026-08-16T10:15:00Z
TRIP00100,40.77862,-73.889632,40.705791,-73.811972,21.96,10,0,clear,high,66.55,2026-08-16T10:15:00Z
TRIP00479,40.789369,-74.000301,40.707252,-74.027568,15.81,14,6,snow,medium,57.35,2026-08-03T14:15:00Z
TRIP00043,40.798035,-73.888864,40.602349,-74.002796,8.42,21,2,cloudy,medium,29.73,2026-08-15T21:15:00Z
TRIP00118,40.621787,-73.816092,40.702684,-73.951297,13.4,19,2,rain,high,67.93,2026-08-06T19:15:00Z
TRIP00347,40.755873,-73.956129,40.63029,-73.875942,10.49,23,4,rain,low,31.31,2026-08-11T23:15:00Z
TRIP00103,40.672973,-73.950417,40.780533,-73.966137,8.49,21,2,clear,medium,31.07,2026-08-19T21:15:00Z
TRIP00050,40.843794,-73.945915,40.712869,-73.809945,25.64,8,6,cloudy,high,86.06,2026-08-22T08:15:00Z
TRIP00522,40.659849,-74.035011,40.787117,-73.967026,17.29,15,3,snow,low,51.45,2026-08-18T15:15:00Z
TRIP00180,40.666574,-73.962768,40.650598,-74.020697,14.38,6,3,snow,medium,54.25,2026-08-12T06:15:00Z
TRIP00469,40.753767,-73.986922,40.613019,-73.999265,15.32,0,5,snow,high,61.62,2026-08-21T00:15:00Z
TRIP00159,40.761653,-73.825386,40.78893,-73.903665,20.36,1,1,clear,high,60.38,2026-08-19T01:15:00Z
TRIP00196,40.751026,-73.866412,40.631748,-73.852566,25.58,4,6,cloudy,high,81.93,2026-08-28T04:15:00Z
TRIP00502,40.684575,-73.803547,40.751841,-73.815434,25.42,21,4,cloudy,medium,68.53,2026-08-26T21:15:00Z
TRIP00143,40.695076,-74.004246,40.770952,-73.89703,11.04,7,0,snow,low,51.3,2026-08-03T07:15:00Z
TRIP00181,40.72347,-73.842193,40.847654,-74.022699,3.89,2,1,cloudy,medium,16.93,2026-08-13T02:15:00Z
TRIP00106,40.65736,-74.004506,40.811951,-73.857914,23.97,0,1,clear,medium,64.59,2026-08-22T00:15:00Z
TRIP00537,40.81434,-73.888839,40.707011,-74.022969,25.43,14,4,snow,low,70.94,2026-08-05T14:15:00Z
TRIP00171,40.627382,-74.02752,40.729759,-73.937435,17.06,22,1,snow,high,66.58,2026-08-03T22:15:00Z
TRIP00002,40.662857,-73.979589,40.730492,-73.940536,10.51,22,1,snow,high,55.27,2026-08-02T22:15:00Z
TRIP00432,40.664639,-74.0219,40.831697,-73.887954,27.15,15,6,cloudy,medium,70.53,2026-08-12T15:15:00Z
TRIP00304,40.629442,-73.853282,40.753593,-74.005937,7.75,14,5,rain,high,44.26,2026-08-24T14:15:00Z
TRIP00206,40.628059,-73.88758,40.816588,-74.021683,5.61,7,1,clear,medium,31.79,2026-08-10T07:15:00Z
TRIP00250,40.619183,-73.819622,40.838392,-73.886582,24.64,16,2,rain,high,88.29,2026-08-26T16:15:00Z
TRIP00446,40.802125,-73.921143,40.615193,-73.998477,27.4,7,6,rain,low,73.91,2026-08-26T07:15:00Z
TRIP00589,40.619682,-73.857978,40.770408,-73.952559,9.8,18,3,clear,low,32.0,2026-08-01T18:15:00Z
TRIP00448,40.622545,-73.911909,40.648478,-73.832703,3.9,7,5,cloudy,low,23.94,2026-08-28T07:15:00Z
TRIP00319,40.620152,-73.889025,40.716938,-73.931119,13.59,1,3,clear,low,32.27,2026-08-11T01:15:00Z
TRIP00300,40.810552,-73.983117,40.689836,-73.899731,16.1,1,0,rain,low,41.98,2026-08-20T01:15:00Z
TRIP00488,40.796787,-73.947837,40.775102,-73.820478,6.31,1,6,snow,low,32.01,2026-08-12T01:15:00Z
TRIP00119,40.743351,-74.045179,40.705075,-73.921534,8.66,16,5,clear,high,43.78,2026-08-07T16:15:00Z
TRIP00025,40.653539,-73.929696,40.781099,-73.872282,6.42,4,6,cloudy,low,14.87,2026-08-25T04:15:00Z
TRIP00485,40.753585,-73.885617,40.807912,-74.042377,15.68,20,5,clear,low,40.75,2026-08-09T20:15:00Z
TRIP00343,40.696771,-73.827254,40.662772,-73.802445,11.88,20,3,rain,high,54.73,2026-08-07T20:15:00Z
TRIP00076,40.682556,-73.809689,40.631573,-73.810291,22.19,0,0,rain,medium,62.75,2026-08-20T00:15:00Z
TRIP00447,40.817609,-73.87399,40.699311,-73.880612,15.06,13,0,rain,low,42.27,2026-08-27T13:15:00Z
TRIP00223,40.65911,-73.936961,40.804861,-73.980543,26.73,4,1,cloudy,medium,76.29,2026-08-27T04:15:00Z
TRIP00458,40.702107,-73.916509,40.795162,-73.969179,10.83,11,3,snow,low,41.11,2026-08-10T11:15:00Z
TRIP00455,40.705178,-73.838517,40.637708,-73.972823,3.78,23,6,clear,low,19.39,2026-08-07T23:15:00Z
TRIP00202,40.651846,-74.017774,40.799771,-73.911508,22.43,12,2,cloudy,high,75.22,2026-08-06T12:15:00Z
TRIP00585,40.664276,-73.976887,40.7864,-74.012681,14.18,10,3,rain,low,43.88,2026-08-25T10:15:00Z
TRIP00385,40.655559,-73.995586,40.613539,-73.957402,9.32,20,3,clear,high,39.24,2026-08-21T20:15:00Z
TRIP00205,40.81548,-73.839872,40.747123,-73.928288,5.71,10,1,rain,medium,27.72,2026-08-09T10:15:00Z
TRIP00441,40.690576,-73.932517,40.82932,-73.998694,23.56,14,6,snow,low,66.41,2026-08-21T14:15:00Z
TRIP00107,40.710198,-73.838473,40.829328,-73.855932,5.32,0,5,clear,high,34.92,2026-08-23T00:15:00Z
TRIP00443,40.790194,-73.913887,40.605625,-74.0258,18.65,14,6,clear,medium,49.19,2026-08-23T14:15:00Z
TRIP00360,40.826795,-73.936347,40.790494,-73.887478,22.32,23,5,snow,medium,68.8,2026-08-24T23:15:00Z
TRIP00444,40.669484,-73.8374,40.624664,-73.959657,6.15,0,3,clear,high,32.46,2026-08-24T00:15:00Z
TRIP00051,40.73008,-73.993475,40.715331,-73.922489,18.98,18,3,snow,high,84.1,2026-08-23T18:15:00Z
TRIP00217,40.753317,-73.821711,40.634397,-74.041436,9.31,13,0,clear,low,22.2,2026-08-21T13:15:00Z
TRIP00220,40.738658,-74.015198,40.78775,-73.922443,2.33,7,0,rain,high,37.65,2026-08-24T07:15:00Z
TRIP00374,40.709465,-73.861071,40.763648,-73.8494,27.43,2,2,rain,medium,74.0,2026-08-10T02:15:00Z
TRIP00579,40.643389,-73.866543,40.679692,-73.819155,17.31,12,0,cloudy,medium,47.22,2026-08-19T12:15:00Z
TRIP00265,40.810747,-73.958836,40.659886,-73.912599,12.06,16,2,clear,high,56.83,2026-08-13T16:15:00Z
TRIP00232,40.618626,-74.027778,40.709795,-73.950516,14.85,0,4,rain,low,41.41,2026-08-08T00:15:00Z
TRIP00481,40.632095,-74.017271,40.751961,-74.036132,1.76,7,1,cloudy,low,16.9,2026-08-05T07:15:00Z
TRIP00367,40.764037,-74.04561,40.708426,-73.845386,22.57,11,2,cloudy,medium,60.84,2026-08-03T11:15:00Z
TRIP00144,40.820912,-73.913171,40.847721,-73.918854,22.05,3,0,rain,low,52.94,2026-08-04T03:15:00Z
TRIP00317,40.713623,-73.991931,40.787428,-74.018606,26.12,21,6,cloudy,high,70.82,2026-08-09T21:15:00Z
TRIP00019,40.732969,-73.935672,40.760365,-73.925047,18.25,8,2,cloudy,low,54.26,2026-08-19T08:15:00Z
TRIP00487,40.83891,-73.849363,40.753719,-73.837857,4.02,10,2,rain,high,37.67,2026-08-11T10:15:00Z
TRIP00288,40.832674,-74.041432,40.802541,-74.006614,23.31,11,4,rain,medium,66.7,2026-08-08T11:15:00Z
TRIP00395,40.695563,-74.016285,40.805868,-74.032113,18.07,8,0,snow,medium,71.55,2026-08-03T08:15:00Z
TRIP00125,40.648971,-73.807016,40.778564,-74.033538,21.42,17,4,rain,medium,68.5,2026-08-13T17:15:00Z
TRIP00030,40.64701,-73.956108,40.610381,-74.031908,8.28,17,5,snow,low,41.02,2026-08-02T17:15:00Z
TRIP00564,40.667513,-73.909833,40.612463,-73.995413,3.21,7,3,clear,medium,27.96,2026-08-04T07:15:00Z
TRIP00313,40.702762,-73.894218,40.82882,-73.85406,18.06,13,2,cloudy,medium,44.02,2026-08-05T13:15:00Z
TRIP00138,40.653078,-73.837957,40.824435,-73.942283,19.73,12,4,clear,low,44.36,2026-08-26T12:15:00Z
TRIP00003,40.839092,-73.873473,40.70937,-73.812608,18.11,10,3,rain,medium,57.08,2026-08-03T10:15:00Z
TRIP00290,40.743208,-73.881652,40.757455,-73.821047,2.56,13,4,cloudy,high,25.77,2026-08-10T13:15:00Z
TRIP00574,40.821916,-73.940293,40.632872,-73.969135,13.87,14,3,snow,low,42.75,2026-08-14T14:15:00Z
TRIP00508,40.721021,-73.930104,40.828822,-73.930571,24.94,13,3,cloudy,low,61.56,2026-08-04T13:15:00Z
TRIP00150,40.705843,-73.812037,40.662747,-73.925635,19.76,23,2,cloudy,high,67.21,2026-08-10T23:15:00Z
TRIP00252,40.603593,-73.970216,40.811521,-73.882938,27.04,22,5,cloudy,medium,75.38,2026-08-28T22:15:00Z
TRIP00109,40.66289,-73.999163,40.613513,-73.982257,3.74,11,0,clear,high,27.91,2026-08-25T11:15:00Z
TRIP00336,40.713284,-74.03718,40.754547,-73.865506,16.54,18,3,snow,low,65.36,2026-08-28T18:15:00Z
TRIP00192,40.795182,-73.868306,40.711233,-74.042341,10.03,5,3,snow,medium,44.54,2026-08-24T05:15:00Z
TRIP00460,40.816189,-73.878706,40.78493,-74.022643,21.38,20,0,cloudy,high,64.62,2026-08-12T20:15:00Z
TRIP00034,40.754635,-74.024308,40.602834,-73.851239,23.8,19,1,rain,medium,69.57,2026-08-06T19:15:00Z
TRIP00400,40.638899,-73.985922,40.828729,-73.973252,26.78,2,2,clear,low,60.5,2026-08-08T02:15:00Z
TRIP00551,40.751647,-74.030839,40.660736,-73.812491,24.23,22,3,clear,low,52.05,2026-08-19T22:15:00Z
TRIP00024,40.822732,-73.832876,40.714051,-73.972029,20.85,21,0,rain,medium,62.26,2026-08-24T21:15:00Z
TRIP00558,40.652215,-73.909283,40.724109,-73.836446,4.68,13,4,clear,low,13.62,2026-08-26T13:15:00Z
TRIP00430,40.782727,-73.974184,40.782442,-73.883709,13.73,6,6,rain,high,58.07,2026-08-10T06:15:00Z
TRIP00381,40.732639,-73.94033,40.759873,-73.971779,2.78,20,1,clear,medium,10.78,2026-08-17T20:15:00Z
TRIP00414,40.658374,-73.920496,40.803101,-73.829474,16.38,17,6,cloudy,low,52.96,2026-08-22T17:15:00Z
TRIP00391,40.818638,-73.800699,40.775828,-73.936276,12.59,18,5,snow,high,65.85,2026-08-27T18:15:00Z
TRIP00157,40.814035,-73.897824,40.634461,-73.810439,10.12,15,5,clear,medium,30.1,2026-08-17T15:15:00Z
TRIP00556,40.626158,-74.003835,40.703473,-74.047941,19.17,2,2,snow,low,58.63,2026-08-24T02:15:00Z
TRIP00088,40.745258,-73.962487,40.618611,-74.016784,1.66,17,1,rain,low,18.17,2026-08-04T17:15:00Z
TRIP00123,40.664809,-73.996505,40.612869,-73.951747,6.55,2,2,rain,medium,32.61,2026-08-11T02:15:00Z
TRIP00321,40.810845,-74.015253,40.623504,-73.964902,24.33,11,5,snow,medium,76.59,2026-08-13T11:15:00Z
TRIP00164,40.787222,-73.935618,40.835862,-73.957079,11.77,21,2,clear,high,42.67,2026-08-24T21:15:00Z
TRIP00338,40.753795,-73.895945,40.659872,-73.88488,2.49,22,0,clear,low,6.41,2026-08-02T22:15:00Z
TRIP00307,40.625468,-73.974508,40.66097,-73.933296,14.97,15,5,snow,low,49.1,2026-08-27T15:15:00Z
TRIP00530,40.650253,-73.920755,40.696988,-73.941697,21.17,4,0,rain,high,70.34,2026-08-26T04:15:00Z
TRIP00372,40.604173,-73.993537,40.767194,-74.004767,20.28,15,3,cloudy,high,63.81,2026-08-08T15:15:00Z
TRIP00154,40.649223,-73.951643,40.734583,-73.866668,20.31,14,5,snow,high,82.12,2026-08-14T14:15:00Z
TRIP00514,40.608647,-74.039884,40.689627,-73.980432,8.98,23,5,cloudy,high,41.21,2026-08-10T23:15:00Z
TRIP00228,40.838291,-73.900333,40.808632,-73.804939,11.28,4,5,rain,medium,40.71,2026-08-04T04:15:00Z
TRIP00210,40.658564,-74.013837,40.691958,-73.915276,3.66,15,5,rain,high,34.84,2026-08-14T15:15:00Z
TRIP00366,40.685831,-73.935794,40.807481,-74.034413,2.76,23,5,clear,low,12.72,2026-08-02T23:15:00Z
TRIP00013,40.602018,-74.014721,40.818139,-73.867161,13.14,1,6,clear,medium,39.31,2026-08-13T01:15:00Z
TRIP00279,40.682327,-73.976541,40.74432,-73.857093,20.84,17,3,clear,low,54.56,2026-08-27T17:15:00Z
TRIP00146,40.705726,-74.025775,40.694826,-73.974384,24.6,0,3,snow,medium,74.02,2026-08-06T00:15:00Z
TRIP00454,40.692318,-74.042525,40.832486,-74.043746,18.12,8,0,snow,medium,71.17,2026-08-06T08:15:00Z
TRIP00477,40.74594,-74.048732,40.620175,-73.902917,2.13,22,3,cloudy,medium,12.26,2026-08-01T22:15:00Z
TRIP00061,40.661619,-73.898576,40.689199,-73.87518,24.12,18,3,snow,low,77.27,2026-08-05T18:15:00Z
TRIP00218,40.644482,-73.844104,40.800225,-73.968631,13.29,17,2,clear,low,39.98,2026-08-22T17:15:00Z
TRIP00032,40.841525,-74.032243,40.654965,-73.923276,20.11,3,6,cloudy,high,70.01,2026-08-04T03:15:00Z
TRIP00434,40.747639,-73.877624,40.761068,-73.89702,24.78,11,2,clear,medium,59.88,2026-08-14T11:15:00Z
TRIP00353,40.842784,-73.936932,40.725769,-73.995714,3.98,0,2,rain,medium,26.77,2026-08-17T00:15:00Z
TRIP00151,40.772816,-73.902409,40.700651,-74.034422,17.63,6,3,clear,low,44.21,2026-08-11T06:15:00Z
TRIP00231,40.604752,-73.97706,40.702249,-73.895433,18.36,19,2,clear,medium,51.99,2026-08-07T19:15:00Z
TRIP00511,40.826444,-74.029013,40.839162,-73.915041,15.04,15,2,rain,medium,49.75,2026-08-07T15:15:00Z
TRIP00575,40.7927,-73.976389,40.788256,-74.047153,13.18,11,3,rain,low,44.98,2026-08-15T11:15:00Z
TRIP00269,40.820817,-74.047903,40.757523,-73.804545,25.14,4,6,cloudy,high,73.16,2026-08-17T04:15:00Z
TRIP00520,40.719981,-73.812521,40.67096,-73.914593,20.4,6,3,clear,low,45.89,2026-08-16T06:15:00Z
TRIP00208,40.817222,-73.936206,40.677333,-73.853719,20.97,0,1,snow,high,77.46,2026-08-12T00:15:00Z
TRIP00429,40.771971,-73.826731,40.627981,-74.01501,17.23,0,0,cloudy,low,45.83,2026-08-09T00:15:00Z
TRIP00039,40.763384,-74.005537,40.835069,-73.892861,22.85,21,3,clear,medium,53.6,2026-08-11T21:15:00Z
TRIP00555,40.848842,-73.911849,40.769915,-74.049434,18.04,5,5,snow,low,57.58,2026-08-23T05:15:00Z
TRIP00190,40.60422,-73.80533,40.812479,-74.004758,23.59,11,2,rain,low,57.4,2026-08-22T11:15:00Z
TRIP00113,40.738594,-73.899699,40.703776,-73.818113,3.2,5,5,cloudy,low,20.01,2026-08-01T05:15:00Z
TRIP00068,40.836223,-73.903116,40.778346,-73.894443,6.88,18,0,snow,low,41.64,2026-08-12T18:15:00Z
TRIP00401,40.611021,-73.898622,40.751017,-73.825982,11.73,16,5,cloudy,medium,49.17,2026-08-09T16:15:00Z
TRIP00099,40.840964,-73.835812,40.697652,-73.821243,3.86,22,2,clear,low,12.44,2026-08-15T22:15:00Z
TRIP00512,40.816652,-73.888875,40.633597,-73.941376,26.89,20,6,cloudy,high,78.44,2026-08-08T20:15:00Z
TRIP00131,40.632561,-73.979034,40.680151,-74.020687,16.59,18,4,snow,low,64.08,2026-08-19T18:15:00Z
TRIP00332,40.836042,-73.817877,40.653623,-73.976695,8.48,12,0,rain,low,27.86,2026-08-24T12:15:00Z
TRIP00037,40.665508,-73.810284,40.732925,-74.033382,8.52,20,2,snow,low,31.58,2026-08-09T20:15:00Z
TRIP00333,40.615893,-73.974832,40.661231,-74.012724,2.87,21,4,clear,medium,17.17,2026-08-25T21:15:00Z
TRIP00382,40.821209,-73.98865,40.679958,-73.951041,27.6,21,6,rain,high,90.28,2026-08-18T21:15:00Z
TRIP00489,40.652949,-73.924863,40.607975,-74.028508,18.19,3,5,rain,low,54.64,2026-08-13T03:15:00Z
TRIP00373,40.750217,-74.049658,40.750627,-73.966186,11.08,13,6,cloudy,low,31.86,2026-08-09T13:15:00Z
TRIP00291,40.605726,-73.904852,40.72277,-73.863322,7.48,6,0,rain,medium,32.82,2026-08-11T06:15:00Z
TRIP00114,40.650499,-74.018173,40.690424,-73.827102,24.32,18,6,snow,low,73.28,2026-08-02T18:15:00Z
TRIP00328,40.755249,-73.823756,40.703589,-73.966873,1.0,21,2,clear,high,19.0,2026-08-20T21:15:00Z
TRIP00169,40.755625,-74.044237,40.78295,-73.931926,19.75,17,1,cloudy,medium,60.95,2026-08-01T17:15:00Z
TRIP00041,40.750597,-74.011623,40.789748,-73.894911,13.42,21,6,clear,high,44.7,2026-08-13T21:15:00Z
TRIP00452,40.771539,-73.940897,40.600075,-73.917193,13.0,2,3,snow,low,42.85,2026-08-04T02:15:00Z
TRIP00098,40.669548,-73.820757,40.845573,-73.999136,15.38,9,3,snow,low,53.1,2026-08-14T09:15:00Z
TRIP00490,40.655428,-73.996035,40.806619,-73.949258,5.96,8,1,clear,low,26.08,2026-08-14T08:15:00Z
TRIP00188,40.619896,-73.969355,40.832243,-73.983915,23.25,1,5,rain,medium,78.0,2026-08-20T01:15:00Z
TRIP00264,40.797114,-73.980081,40.61768,-73.867853,27.24,9,5,clear,medium,78.28,2026-08-12T09:15:00Z
TRIP00456,40.757564,-73.810144,40.70592,-73.92161,11.72,5,2,snow,medium,49.85,2026-08-08T05:15:00Z
TRIP00166,40.71231,-73.887601,40.702063,-73.908572,3.89,7,4,snow,low,35.04,2026-08-26T07:15:00Z
TRIP00073,40.754035,-73.807986,40.849347,-73.842299,5.61,19,1,snow,medium,45.74,2026-08-17T19:15:00Z
TRIP00578,40.706485,-74.02787,40.842784,-73.926197,11.83,6,5,rain,medium,41.25,2026-08-18T06:15:00Z
TRIP00518,40.628485,-73.858558,40.621013,-73.922603,11.44,19,6,clear,medium,46.42,2026-08-14T19:15:00Z
TRIP00445,40.849523,-73.993229,40.752689,-73.81972,26.56,15,4,cloudy,medium,63.5,2026-08-25T15:15:00Z
TRIP00493,40.601287,-73.916537,40.747004,-73.828442,4.77,19,0,cloudy,medium,31.56,2026-08-17T19:15:00Z
TRIP00410,40.827378,-73.969293,40.787997,-73.961769,27.49,4,1,clear,low,60.36,2026-08-18T04:15:00Z
TRIP00322,40.656166,-73.854716,40.60337,-73.894378,8.26,18,6,rain,medium,39.48,2026-08-14T18:15:00Z
TRIP00082,40.759814,-73.892704,40.724619,-73.939566,16.35,0,1,snow,medium,60.42,2026-08-26T00:15:00Z
TRIP00200,40.681965,-73.905851,40.783016,-73.928607,1.82,17,4,snow,high,46.13,2026-08-04T17:15:00Z
TRIP00026,40.733596,-74.002724,40.688187,-74.025917,12.99,21,4,rain,low,31.63,2026-08-26T21:15:00Z
TRIP00116,40.638528,-74.042266,40.724793,-74.042767,15.48,7,0,cloudy,low,46.02,2026-08-04T07:15:00Z
TRIP00087,40.722775,-73.982374,40.617602,-73.928606,10.56,3,3,rain,medium,43.46,2026-08-03T03:15:00Z
TRIP00325,40.687492,-74.013679,40.83129,-74.002529,22.96,9,4,rain,low,60.24,2026-08-17T09:15:00Z
TRIP00331,40.698292,-73.827727,40.63559,-73.861671,23.06,12,4,snow,low,61.43,2026-08-23T12:15:00Z
TRIP00243,40.843191,-73.814614,40.815251,-73.946299,11.94,13,3,cloudy,medium,42.23,2026-08-19T13:15:00Z
TRIP00158,40.740527,-73.996707,40.815027,-74.037252,18.43,19,5,rain,medium,65.86,2026-08-18T19:15:00Z
TRIP00148,40.711161,-73.904579,40.848625,-73.904153,24.68,2,0,snow,medium,76.06,2026-08-08T02:15:00Z
TRIP00214,40.687025,-73.916583,40.768956,-73.876958,26.41,8,4,snow,low,85.05,2026-08-18T08:15:00Z
TRIP00067,40.752779,-74.009342,40.783973,-74.019754,6.75,14,5,snow,low,30.07,2026-08-11T14:15:00Z
TRIP00425,40.699339,-73.893231,40.625944,-74.021382,14.45,5,3,clear,medium,37.74,2026-08-05T05:15:00Z
TRIP00330,40.749052,-73.952656,40.740257,-73.871483,4.43,17,4,snow,high,52.86,2026-08-22T17:15:00Z
TRIP00359,40.681615,-73.933382,40.665425,-74.003837,8.19,20,3,cloudy,high,37.37,2026-08-23T20:15:00Z
TRIP00329,40.639813,-73.822454,40.777952,-73.897692,7.13,6,3,rain,low,21.21,2026-08-21T06:15:00Z
TRIP00035,40.803312,-73.989035,40.844602,-73.881497,23.69,3,3,clear,high,71.44,2026-08-07T03:15:00Z
TRIP00040,40.681461,-73.886124,40.826666,-73.848638,15.03,3,6,rain,high,60.03,2026-08-12T03:15:00Z
TRIP00393,40.794325,-73.838145,40.746144,-73.895892,23.45,14,0,snow,low,68.61,2026-08-01T14:15:00Z
TRIP00057,40.706212,-73.923069,40.631638,-73.910854,18.04,22,1,clear,low,48.98,2026-08-01T22:15:00Z
TRIP00550,40.604541,-73.966192,40.838435,-73.95913,9.12,21,2,cloudy,low,22.51,2026-08-18T21:15:00Z
TRIP00104,40.638042,-73.860559,40.60733,-74.030976,10.79,13,3,clear,medium,32.83,2026-08-20T13:15:00Z
TRIP00145,40.846028,-73.884171,40.845796,-73.800142,23.96,17,5,cloudy,low,65.14,2026-08-05T17:15:00Z
TRIP00524,40.613487,-73.879051,40.844046,-73.937579,16.6,13,1,cloudy,low,41.97,2026-08-20T13:15:00Z
TRIP00592,40.848631,-73.984271,40.651201,-74.045518,22.7,16,6,rain,high,81.13,2026-08-04T16:15:00Z
TRIP00339,40.67173,-74.033135,40.659578,-73.82261,23.25,8,0,cloudy,low,62.3,2026-08-03T08:15:00Z
TRIP00115,40.754032,-74.016974,40.798893,-73.807596,16.07,6,5,cloudy,medium,46.37,2026-08-03T06:15:00Z
TRIP00201,40.72311,-74.028543,40.769064,-73.883101,20.72,16,1,clear,medium,65.92,2026-08-05T16:15:00Z
TRIP00465,40.799573,-74.002158,40.84031,-73.829805,12.43,13,6,snow,medium,52.46,2026-08-17T13:15:00Z
TRIP00268,40.613604,-73.852125,40.715517,-73.84086,14.23,6,0,snow,high,64.15,2026-08-16T06:15:00Z
TRIP00483,40.831771,-73.808668,40.832776,-73.927024,24.76,3,1,snow,medium,80.96,2026-08-07T03:15:00Z
TRIP00419,40.659152,-73.852417,40.619478,-73.902955,18.79,21,0,rain,low,55.45,2026-08-27T21:15:00Z
TRIP00211,40.622805,-73.98531,40.64963,-74.006237,3.25,12,3,cloudy,high,31.73,2026-08-15T12:15:00Z
TRIP00174,40.748139,-73.92851,40.774111,-74.016591,12.02,15,4,snow,high,54.94,2026-08-06T15:15:00Z
TRIP00584,40.63003,-74.021864,40.639569,-74.030811,9.13,16,0,snow,medium,52.35,2026-08-24T16:15:00Z
TRIP00405,40.721586,-74.024779,40.616861,-73.858555,22.03,21,4,snow,high,78.54,2026-08-13T21:15:00Z
TRIP00204,40.750159,-73.880343,40.626774,-74.015904,22.7,3,4,cloudy,low,53.88,2026-08-08T03:15:00Z
TRIP00344,40.740988,-73.920686,40.767773,-73.882212,13.75,11,2,cloudy,medium,43.57,2026-08-08T11:15:00Z
TRIP00497,40.600697,-73.80299,40.84619,-73.897934,18.49,2,1,cloudy,low,39.76,2026-08-21T02:15:00Z
TRIP00438,40.719506,-74.015074,40.727525,-73.826781,6.54,13,6,cloudy,medium,31.75,2026-08-18T13:15:00Z
TRIP00324,40.648447,-74.03354,40.622288,-73.978108,27.5,7,4,rain,medium,84.89,2026-08-16T07:15:00Z
TRIP00312,40.680992,-73.984975,40.840646,-73.895585,4.32,11,5,rain,high,38.89,2026-08-04T11:15:00Z
TRIP00397,40.785854,-73.902719,40.819348,-73.838132,22.65,9,0,cloudy,low,68.29,2026-08-05T09:15:00Z
TRIP00141,40.841129,-73.967751,40.698503,-73.954275,19.43,19,3,clear,medium,58.78,2026-08-01T19:15:00Z
TRIP00105,40.790511,-73.96116,40.698634,-73.863431,17.58,7,2,rain,medium,57.19,2026-08-21T07:15:00Z
TRIP00236,40.637919,-73.948992,40.706167,-74.010844,17.46,8,6,snow,medium,75.63,2026-08-12T08:15:00Z
TRIP00085,40.790333,-73.945869,40.71627,-73.878542,27.6,5,0,rain,high,89.72,2026-08-01T05:15:00Z
TRIP00007,40.796623,-73.887796,40.73038,-73.902018,21.13,0,4,rain,medium,59.78,2026-08-07T00:15:00Z
TRIP00081,40.664466,-73.912006,40.82276,-73.807068,18.02,19,6,rain,high,74.62,2026-08-25T19:15:00Z
TRIP00345,40.645402,-74.008112,40.660674,-74.012115,27.75,4,4,cloudy,low,67.84,2026-08-09T04:15:00Z
TRIP00247,40.780729,-73.814545,40.785302,-73.997747,8.9,2,1,snow,medium,42.45,2026-08-23T02:15:00Z
TRIP00544,40.61958,-73.862277,40.61738,-73.821654,2.55,4,4,rain,low,11.71,2026-08-12T04:15:00Z
TRIP00237,40.799862,-73.868793,40.607615,-73.956055,27.45,17,6,rain,medium,82.8,2026-08-13T17:15:00Z
TRIP00187,40.806474,-73.929737,40.604468,-73.916093,23.31,5,3,clear,medium,58.64,2026-08-19T05:15:00Z
TRIP00031,40.682522,-73.896814,40.689508,-73.860858,16.52,12,3,snow,high,64.91,2026-08-03T12:15:00Z
TRIP00600,40.662155,-73.803856,40.81161,-74.014791,5.27,16,4,rain,medium,33.75,2026-08-12T16:15:00Z
TRIP00066,40.790568,-73.833374,40.769779,-74.010712,19.12,16,2,snow,high,83.49,2026-08-10T16:15:00Z
TRIP00046,40.784018,-73.958405,40.687433,-73.969602,25.18,13,0,clear,high,73.74,2026-08-18T13:15:00Z
TRIP00135,40.761792,-73.909999,40.7998,-74.00712,21.08,15,5,snow,medium,73.8,2026-08-23T15:15:00Z
TRIP00240,40.690229,-73.90346,40.751198,-74.028431,16.46,12,4,snow,medium,60.53,2026-08-16T12:15:00Z
TRIP00582,40.795898,-73.851234,40.838212,-73.830595,9.67,19,3,cloudy,low,40.32,2026-08-22T19:15:00Z
TRIP00277,40.688121,-74.040467,40.673756,-74.027271,1.4,21,1,rain,high,30.83,2026-08-25T21:15:00Z
TRIP00260,40.799524,-73.884009,40.724253,-73.885355,1.47,9,4,snow,medium,28.31,2026-08-08T09:15:00Z
TRIP00546,40.824484,-74.04376,40.619123,-73.80423,26.5,7,0,rain,medium,84.25,2026-08-14T07:15:00Z
TRIP00283,40.686483,-73.834701,40.832792,-73.843218,17.91,12,6,cloudy,low,41.55,2026-08-03T12:15:00Z
TRIP00253,40.693428,-73.91926,40.836728,-73.843311,18.87,15,4,clear,low,44.51,2026-08-01T15:15:00Z
TRIP00320,40.681587,-73.893634,40.728899,-73.908133,21.41,8,3,rain,high,83.6,2026-08-12T08:15:00Z
TRIP00588,40.747157,-74.028849,40.666651,-73.932714,19.19,16,6,cloudy,low,57.01,2026-08-28T16:15:00Z
TRIP00005,40.766299,-73.877056,40.72369,-74.046338,12.9,17,1,clear,medium,43.15,2026-08-05T17:15:00Z
TRIP00369,40.648972,-74.006613,40.658279,-73.834402,8.8,13,4,cloudy,medium,37.28,2026-08-05T13:15:00Z
TRIP00080,40.703698,-73.866656,40.793996,-73.949441,3.19,21,0,clear,medium,16.42,2026-08-24T21:15:00Z
TRIP00091,40.656129,-73.883023,40.816621,-73.884557,2.73,2,4,clear,low,6.56,2026-08-07T02:15:00Z
TRIP00124,40.724082,-74.012751,40.646552,-73.978039,25.36,6,6,rain,medium,73.17,2026-08-12T06:15:00Z
TRIP00139,40.668525,-73.93828,40.710695,-73.979124,26.97,11,5,clear,medium,75.03,2026-08-27T11:15:00Z
TRIP00075,40.683412,-73.951473,40.842767,-73.959832,17.09,15,4,cloudy,high,62.35,2026-08-19T15:15:00Z
TRIP00548,40.84284,-73.974284,40.676885,-73.982181,20.44,6,4,snow,high,72.33,2026-08-16T06:15:00Z
TRIP00295,40.624562,-73.959753,40.729496,-73.978474,3.69,3,2,snow,medium,32.22,2026-08-15T03:15:00Z
TRIP00072,40.670569,-73.862745,40.781203,-73.942266,24.91,17,4,cloudy,medium,77.57,2026-08-16T17:15:00Z
TRIP00074,40.794785,-73.850866,40.650383,-73.984166,21.87,4,2,clear,low,55.89,2026-08-18T04:15:00Z
TRIP00177,40.773855,-73.892523,40.681677,-73.940181,18.58,17,6,cloudy,high,66.21,2026-08-09T17:15:00Z
TRIP00287,40.723535,-73.985444,40.777377,-73.869093,15.99,6,4,rain,high,62.13,2026-08-07T06:15:00Z
TRIP00352,40.798194,-73.961587,40.826445,-73.908815,1.72,8,2,snow,medium,33.25,2026-08-16T08:15:00Z
TRIP00001,40.848692,-74.021418,40.647944,-74.001151,20.18,9,6,clear,low,54.16,2026-08-01T09:15:00Z
TRIP00064,40.792836,-73.813577,40.807804,-73.894836,2.65,16,6,rain,high,44.29,2026-08-08T16:15:00Z
TRIP00392,40.73066,-73.987684,40.846184,-73.818887,25.19,6,5,snow,medium,77.18,2026-08-28T06:15:00Z
TRIP00475,40.749268,-73.907159,40.708425,-73.921211,15.55,3,6,cloudy,low,38.63,2026-08-27T03:15:00Z
TRIP00028,40.634534,-74.003917,40.725592,-73.879358,25.67,16,0,rain,medium,80.69,2026-08-28T16:15:00Z
TRIP00491,40.752215,-74.020149,40.825804,-74.044836,1.34,12,4,snow,medium,26.91,2026-08-15T12:15:00Z
TRIP00022,40.785704,-73.871477,40.709143,-73.91121,3.07,21,3,snow,low,27.0,2026-08-22T21:15:00Z
TRIP00216,40.807608,-73.920749,40.817821,-73.925509,25.61,15,5,snow,high,89.61,2026-08-20T15:15:00Z
TRIP00175,40.609244,-73.924563,40.607559,-73.817084,13.07,22,2,rain,low,39.52,2026-08-07T22:15:00Z
TRIP00282,40.649578,-73.90055,40.831453,-73.902325,21.58,2,3,clear,high,67.55,2026-08-02T02:15:00Z
TRIP00090,40.705693,-73.982959,40.769305,-73.887079,9.98,2,6,cloudy,medium,38.22,2026-08-06T02:15:00Z
TRIP00349,40.744811,-74.039536,40.714464,-73.821393,22.5,7,3,cloudy,medium,67.94,2026-08-13T07:15:00Z
TRIP00193,40.8136,-73.993695,40.604368,-74.0374,1.04,20,6,clear,medium,14.17,2026-08-25T20:15:00Z
TRIP00195,40.749143,-73.834684,40.62719,-73.939081,20.47,11,2,snow,medium,65.59,2026-08-27T11:15:00Z
TRIP00248,40.651225,-74.005427,40.713548,-74.021379,26.41,2,4,rain,medium,80.22,2026-08-24T02:15:00Z
TRIP00505,40.609374,-73.996115,40.610656,-73.910677,6.1,5,4,cloudy,low,16.79,2026-08-01T05:15:00Z
TRIP00096,40.811267,-73.927807,40.678545,-73.822005,13.14,22,1,snow,low,39.26,2026-08-12T22:15:00Z
TRIP00156,40.6877,-73.893293,40.75482,-73.856284,1.83,7,3,cloudy,low,13.83,2026-08-16T07:15:00Z
TRIP00364,40.617727,-73.838731,40.671921,-73.803167,27.33,23,6,cloudy,low,57.08,2026-08-28T23:15:00Z
TRIP00394,40.790223,-74.032345,40.674695,-74.040376,26.86,17,5,cloudy,medium,80.81,2026-08-02T17:15:00Z
TRIP00467,40.636253,-73.858438,40.786177,-73.959002,17.48,19,2,cloudy,high,63.73,2026-08-19T19:15:00Z
TRIP00276,40.615579,-73.998578,40.842687,-73.916418,8.22,20,0,snow,medium,37.2,2026-08-24T20:15:00Z
TRIP00227,40.694394,-73.86418,40.628799,-74.041028,5.78,3,0,snow,low,30.12,2026-08-03T03:15:00Z
TRIP00464,40.657943,-73.835766,40.758824,-73.823317,20.02,5,5,clear,medium,50.2,2026-08-16T05:15:00Z
TRIP00018,40.622174,-73.831846,40.697049,-73.938508,25.78,9,0,snow,medium,79.52,2026-08-18T09:15:00Z
TRIP00449,40.785241,-73.861337,40.712358,-73.83065,25.93,22,2,clear,medium,63.8,2026-08-01T22:15:00Z
TRIP00396,40.704463,-74.0237,40.63764,-74.00476,10.78,9,4,clear,medium,45.34,2026-08-04T09:15:00Z
TRIP00380,40.700177,-73.91516,40.749987,-73.881095,27.04,23,4,cloudy,medium,67.16,2026-08-16T23:15:00Z
TRIP00224,40.666225,-73.993765,40.611582,-73.914179,21.09,7,5,snow,medium,77.81,2026-08-28T07:15:00Z
TRIP00083,40.755782,-73.869324,40.719669,-74.036656,10.39,9,5,snow,high,65.44,2026-08-27T09:15:00Z
TRIP00006,40.779569,-73.945183,40.71542,-73.968325,19.28,8,4,cloudy,medium,61.58,2026-08-06T08:15:00Z
TRIP00136,40.749322,-73.946565,40.607692,-73.864737,15.84,2,6,rain,high,54.95,2026-08-24T02:15:00Z
TRIP00342,40.708723,-74.038667,40.749892,-74.039478,21.6,20,2,cloudy,low,55.24,2026-08-06T20:15:00Z
TRIP00420,40.642877,-73.814928,40.837592,-73.851708,11.69,18,2,clear,medium,49.78,2026-08-28T18:15:00Z
TRIP00482,40.740574,-73.900753,40.779153,-73.87029,20.54,5,2,clear,high,57.64,2026-08-06T05:15:00Z
TRIP00549,40.662625,-73.998655,40.681979,-73.9439,2.33,15,2,rain,medium,21.06,2026-08-17T15:15:00Z
TRIP00480,40.641526,-73.929927,40.727911,-74.004105,9.17,2,1,clear,medium,30.21,2026-08-04T02:15:00Z
TRIP00427,40.843421,-73.820996,40.846686,-73.858908,5.01,20,5,snow,high,42.02,2026-08-07T20:15:00Z
TRIP00271,40.748808,-73.8047,40.605028,-73.802051,24.55,6,1,clear,low,61.2,2026-08-19T06:15:00Z
TRIP00165,40.766067,-73.826815,40.653257,-73.898435,5.63,20,5,cloudy,low,22.24,2026-08-25T20:15:00Z
TRIP00506,40.770434,-74.007853,40.671217,-73.801497,13.86,13,0,clear,medium,36.42,2026-08-02T13:15:00Z
TRIP00172,40.821985,-74.034372,40.696717,-73.812378,25.5,4,2,clear,low,55.37,2026-08-04T04:15:00Z
TRIP00021,40.733627,-73.890782,40.831432,-73.831285,10.86,23,1,rain,low,31.36,2026-08-21T23:15:00Z
TRIP00221,40.75408,-74.013095,40.635072,-73.824161,12.5,6,3,rain,high,54.54,2026-08-25T06:15:00Z
TRIP00597,40.706731,-74.016431,40.699895,-74.026477,19.67,3,4,rain,high,65.42,2026-08-09T03:15:00Z
TRIP00552,40.670611,-74.047714,40.782479,-73.847968,12.93,4,3,snow,high,65.23,2026-08-20T04:15:00Z
TRIP00029,40.796539,-73.86842,40.842232,-73.951875,16.34,5,0,snow,low,50.55,2026-08-01T05:15:00Z
TRIP00350,40.624615,-73.864177,40.669076,-74.017109,18.55,14,4,cloudy,medium,53.58,2026-08-14T14:15:00Z
TRIP00168,40.62869,-73.809295,40.823831,-73.83003,20.15,9,1,clear,low,56.05,2026-08-28T09:15:00Z
TRIP00577,40.840134,-73.972805,40.728528,-74.048266,6.58,4,5,cloudy,high,35.65,2026-08-17T04:15:00Z
TRIP00315,40.65701,-73.804301,40.767505,-73.843499,18.97,9,2,snow,medium,71.99,2026-08-07T09:15:00Z
TRIP00086,40.713254,-74.036036,40.745869,-73.805239,6.41,7,3,snow,low,41.18,2026-08-02T07:15:00Z
TRIP00042,40.743059,-74.045878,40.769384,-74.049966,16.34,6,6,cloudy,medium,46.79,2026-08-14T06:15:00Z
TRIP00281,40.765214,-73.907624,40.842435,-73.859366,26.64,1,5,cloudy,high,87.08,2026-08-01T01:15:00Z
TRIP00197,40.743825,-73.830011,40.836617,-73.976252,9.86,8,2,snow,high,65.86,2026-08-01T08:15:00Z
TRIP00535,40.600845,-73.821028,40.713945,-73.929699,23.66,2,3,rain,high,76.82,2026-08-03T02:15:00Z
TRIP00242,40.738764,-73.934577,40.816259,-73.922503,22.09,9,0,snow,medium,72.52,2026-08-18T09:15:00Z
TRIP00532,40.726465,-74.009324,40.683391,-73.882094,18.34,13,2,cloudy,high,57.24,2026-08-28T13:15:00Z
TRIP00501,40.798472,-73.82689,40.712979,-73.997764,14.8,15,4,snow,medium,59.1,2026-08-25T15:15:00Z
TRIP00191,40.834554,-73.98039,40.610624,-73.801229,23.35,16,5,cloudy,medium,74.71,2026-08-23T16:15:00Z
TRIP00459,40.655266,-73.929259,40.707055,-73.950776,23.69,0,6,clear,medium,63.91,2026-08-11T00:15:00Z
TRIP00203,40.600882,-73.881021,40.786132,-74.037903,26.26,21,2,snow,high,90.03,2026-08-07T21:15:00Z
TRIP00513,40.640817,-74.002536,40.774622,-73.882538,26.36,9,4,snow,low,82.48,2026-08-09T09:15:00Z
TRIP00225,40.836882,-73.861331,40.796739,-73.931532,15.06,14,6,cloudy,medium,45.47,2026-08-01T14:15:00Z
TRIP00571,40.727093,-73.87753,40.793704,-73.844649,4.75,9,3,cloudy,high,44.71,2026-08-11T09:15:00Z
TRIP00473,40.773546,-73.800226,40.625833,-73.95004,27.7,3,6,cloudy,high,84.77,2026-08-25T03:15:00Z
TRIP00509,40.781967,-73.940114,40.729537,-73.906223,26.48,15,0,clear,medium,67.63,2026-08-05T15:15:00Z
TRIP00559,40.790769,-74.019518,40.752125,-73.83603,24.19,17,6,clear,low,66.45,2026-08-27T17:15:00Z
TRIP00093,40.807874,-73.882851,40.611207,-74.007232,18.12,10,4,snow,medium,58.64,2026-08-09T10:15:00Z
TRIP00519,40.674446,-73.970409,40.848781,-73.802041,10.41,20,1,rain,medium,43.01,2026-08-15T20:15:00Z
TRIP00297,40.676676,-73.849362,40.664163,-73.905559,22.45,10,2,snow,high,79.02,2026-08-17T10:15:00Z
TRIP00311,40.609968,-73.87609,40.835037,-73.948422,7.13,9,2,snow,high,50.48,2026-08-03T09:15:00Z
TRIP00527,40.691647,-74.003992,40.68552,-73.911154,26.45,20,3,rain,low,69.47,2026-08-23T20:15:00Z
TRIP00054,40.688213,-73.876252,40.747978,-73.936048,24.7,22,4,clear,high,76.17,2026-08-26T22:15:00Z
TRIP00056,40.784743,-73.939676,40.600201,-73.994095,1.81,0,1,cloudy,high,29.11,2026-08-28T00:15:00Z
TRIP00111,40.622759,-73.95904,40.605803,-73.991792,22.68,17,6,snow,low,70.25,2026-08-27T17:15:00Z
TRIP00461,40.779562,-74.045909,40.830421,-73.805624,22.61,2,1,rain,medium,62.08,2026-08-13T02:15:00Z
TRIP00402,40.729765,-73.802162,40.718751,-73.867595,21.57,20,5,snow,high,83.15,2026-08-10T20:15:00Z
TRIP00408,40.755085,-73.914407,40.779747,-73.951023,18.35,1,2,snow,low,54.15,2026-08-16T01:15:00Z
TRIP00386,40.793183,-73.966822,40.84662,-73.818523,16.85,1,1,cloudy,low,38.16,2026-08-22T01:15:00Z
TRIP00134,40.614704,-73.938138,40.621822,-73.864331,23.22,0,4,snow,medium,75.79,2026-08-22T00:15:00Z
TRIP00045,40.791761,-73.993538,40.803677,-74.041343,21.99,20,5,cloudy,medium,62.99,2026-08-17T20:15:00Z
TRIP00212,40.83954,-74.030587,40.625514,-74.045212,18.19,12,4,clear,low,41.35,2026-08-16T12:15:00Z
TRIP00318,40.77138,-73.979598,40.60585,-74.02316,15.98,23,3,cloudy,low,34.12,2026-08-10T23:15:00Z
TRIP00355,40.741911,-74.002318,40.62251,-73.864731,6.34,16,6,cloudy,high,43.25,2026-08-19T16:15:00Z
TRIP00378,40.800347,-74.014301,40.655429,-73.891963,6.25,4,6,snow,high,44.54,2026-08-14T04:15:00Z
TRIP00121,40.745691,-73.914414,40.672903,-73.900307,23.39,10,5,snow,medium,75.03,2026-08-09T10:15:00Z
TRIP00416,40.630051,-73.904553,40.77438,-74.042595,1.51,20,1,snow,medium,21.46,2026-08-24T20:15:00Z
TRIP00411,40.747052,-73.81962,40.631024,-73.806316,24.35,18,0,rain,medium,73.91,2026-08-19T18:15:00Z
TRIP00302,40.735181,-73.840538,40.642787,-73.973709,10.39,16,6,cloudy,medium,35.67,2026-08-22T16:15:00Z
TRIP00340,40.641648,-73.9756,40.734502,-74.03041,15.34,12,6,snow,high,63.57,2026-08-04T12:15:00Z
TRIP00412,40.791964,-73.941657,40.685378,-73.844026,17.35,6,4,clear,low,46.46,2026-08-20T06:15:00Z
TRIP00516,40.841383,-73.831371,40.697464,-73.81678,3.89,11,1,cloudy,low,12.26,2026-08-12T11:15:00Z
TRIP00280,40.657984,-73.81999,40.662456,-73.969948,17.59,19,1,rain,low,60.28,2026-08-28T19:15:00Z
TRIP00162,40.834024,-73.899116,40.709376,-73.982026,11.01,17,5,cloudy,medium,47.29,2026-08-22T17:15:00Z
TRIP00486,40.838746,-73.881545,40.62384,-73.917378,23.08,10,6,rain,high,76.52,2026-08-10T10:15:00Z
TRIP00184,40.621277,-74.028397,40.812791,-73.853453,15.8,11,6,snow,medium,60.48,2026-08-16T11:15:00Z
TRIP00230,40.603911,-74.04122,40.82632,-73.961166,2.93,22,0,snow,low,25.6,2026-08-06T22:15:00Z
TRIP00047,40.703716,-74.004165,40.770135,-73.861487,1.78,4,4,rain,medium,23.76,2026-08-19T04:15:00Z
TRIP00275,40.743754,-73.974153,40.839241,-73.987439,7.91,5,0,cloudy,medium,32.29,2026-08-23T05:15:00Z
TRIP00583,40.844912,-74.008257,40.751557,-73.97547,2.75,22,0,clear,low,9.41,2026-08-23T22:15:00Z
TRIP00298,40.673301,-73.954902,40.706652,-74.025754,26.39,22,0,clear,high,79.62,2026-08-18T22:15:00Z
TRIP00572,40.836242,-73.864516,40.680635,-74.009035,24.71,6,2,clear,low,57.23,2026-08-12T06:15:00Z
TRIP00496,40.732915,-74.005596,40.686864,-73.839442,6.87,12,5,cloudy,high,37.15,2026-08-20T12:15:00Z
TRIP00070,40.764517,-73.848688,40.766199,-73.830648,26.14,8,2,snow,medium,88.09,2026-08-14T08:15:00Z
TRIP00594,40.71822,-73.822608,40.680635,-73.994318,17.55,2,5,clear,medium,48.57,2026-08-06T02:15:00Z
TRIP00266,40.726975,-73.953037,40.809689,-73.971631,10.19,4,5,rain,high,53.27,2026-08-14T04:15:00Z
TRIP00593,40.70962,-73.964665,40.802865,-73.858166,13.28,15,1,snow,high,56.74,2026-08-05T15:15:00Z
TRIP00531,40.819908,-73.801721,40.64243,-73.903974,5.94,1,1,cloudy,medium,27.17,2026-08-27T01:15:00Z
TRIP00108,40.690705,-73.970305,40.630766,-73.826737,3.59,0,3,clear,low,16.3,2026-08-24T00:15:00Z
TRIP00326,40.734537,-73.971347,40.758775,-73.955157,14.01,18,0,cloudy,high,59.42,2026-08-18T18:15:00Z
TRIP00440,40.664279,-73.980963,40.634575,-73.871028,16.58,2,3,cloudy,low,45.43,2026-08-20T02:15:00Z
TRIP00299,40.675146,-74.049562,40.710105,-73.886216,22.37,5,5,snow,medium,78.83,2026-08-19T05:15:00Z
TRIP00383,40.745762,-74.001978,40.611932,-73.995081,8.39,4,6,rain,medium,28.91,2026-08-19T04:15:00Z
TRIP00568,40.664914,-74.035463,40.724754,-74.034941,17.47,14,3,cloudy,low,45.86,2026-08-08T14:15:00Z
TRIP00503,40.796814,-74.033414,40.600734,-73.801414,13.85,14,4,clear,medium,44.08,2026-08-27T14:15:00Z
TRIP00598,40.620146,-73.931864,40.613011,-73.959779,18.36,18,5,rain,low,53.25,2026-08-10T18:15:00Z
TRIP00142,40.649882,-73.977768,40.830985,-73.868752,11.13,16,5,snow,medium,55.1,2026-08-02T16:15:00Z
TRIP00185,40.772819,-73.979168,40.826923,-73.965923,7.55,20,5,clear,low,25.2,2026-08-17T20:15:00Z
TRIP00241,40.600104,-73.929998,40.802401,-73.853244,15.69,0,0,cloudy,medium,50.44,2026-08-17T00:15:00Z
TRIP00285,40.707925,-73.950053,40.617482,-73.978161,3.46,11,2,cloudy,medium,16.04,2026-08-05T11:15:00Z
TRIP00294,40.602962,-73.846973,40.792987,-73.82169,27.74,22,6,cloudy,high,84.11,2026-08-14T22:15:00Z
TRIP00521,40.63135,-73.961969,40.686087,-74.018091,27.73,13,3,clear,high,82.36,2026-08-17T13:15:00Z
BAD003,40.7,-73.9,40.7,-73.8,5,8,1,clear,low,20,bad-date
TRIP00500,40.708469,-73.866505,40.754756,-73.991803,8.1,15,4,snow,high,48.57,2026-08-24T15:15:00Z
TRIP00215,40.653258,-73.986947,40.750173,-73.879925,16.09,19,1,rain,low,51.09,2026-08-19T19:15:00Z
TRIP00587,40.689175,-73.937601,40.731509,-73.997317,8.02,4,6,clear,medium,27.96,2026-08-27T04:15:00Z
TRIP00226,40.79054,-73.872297,40.612354,-73.847022,12.38,23,4,rain,medium,43.19,2026-08-02T23:15:00Z
TRIP00346,40.781575,-73.97963,40.727492,-73.909846,2.08,13,4,snow,high,36.78,2026-08-10T13:15:00Z
TRIP00327,40.734113,-73.848391,40.619406,-73.81269,1.14,3,5,cloudy,medium,14.8,2026-08-19T03:15:00Z
TRIP00561,40.643057,-73.935134,40.605103,-73.978181,9.69,22,2,clear,medium,30.5,2026-08-01T22:15:00Z
TRIP00399,40.613189,-73.992457,40.679242,-73.868132,3.61,20,3,clear,medium,16.8,2026-08-07T20:15:00Z
TRIP00357,40.794832,-73.863774,40.727031,-73.940308,17.18,14,6,snow,low,55.14,2026-08-21T14:15:00Z
TRIP00149,40.848976,-73.971237,40.710573,-73.950006,25.29,11,2,snow,low,72.42,2026-08-09T11:15:00Z
TRIP00153,40.738058,-73.98827,40.802611,-73.906398,2.05,19,3,snow,low,23.27,2026-08-13T19:15:00Z
TRIP00507,40.815627,-73.930771,40.767858,-73.832931,15.49,21,2,clear,low,35.1,2026-08-03T21:15:00Z
TRIP00407,40.78668,-73.88215,40.758281,-73.821896,7.12,4,5,rain,low,30.77,2026-08-15T04:15:00Z
TRIP00065,40.631424,-74.02233,40.714301,-73.964535,17.92,12,5,cloudy,low,46.76,2026-08-09T12:15:00Z
TRIP00015,40.750087,-73.968676,40.649361,-73.820364,18.86,12,2,clear,low,41.79,2026-08-15T12:15:00Z
TRIP00182,40.70914,-73.807539,40.667139,-73.831444,18.44,15,5,snow,low,56.89,2026-08-14T15:15:00Z
TRIP00261,40.781335,-73.943547,40.633591,-73.864456,22.08,6,6,clear,medium,55.89,2026-08-09T06:15:00Z
TRIP00457,40.757051,-73.808605,40.646705,-74.00471,6.03,9,4,clear,high,44.95,2026-08-09T09:15:00Z
TRIP00462,40.639382,-73.831412,40.75072,-73.847778,16.29,6,5,clear,high,64.75,2026-08-14T06:15:00Z
TRIP00422,40.676159,-73.825377,40.6066,-73.877598,21.52,11,3,cloudy,low,53.41,2026-08-02T11:15:00Z
TRIP00132,40.612372,-74.044038,40.691884,-73.961195,6.93,7,6,snow,high,55.66,2026-08-20T07:15:00Z
TRIP00533,40.624305,-73.907748,40.810848,-74.008944,26.35,8,5,clear,medium,78.05,2026-08-01T08:15:00Z
TRIP00591,40.60199,-73.827587,40.710742,-73.804374,25.75,16,4,clear,medium,72.25,2026-08-03T16:15:00Z
TRIP00517,40.656237,-73.967759,40.741793,-73.849415,27.15,9,5,cloudy,high,86.71,2026-08-13T09:15:00Z
TRIP00539,40.794537,-73.846756,40.723403,-73.826958,21.06,13,4,rain,medium,59.27,2026-08-07T13:15:00Z
TRIP00384,40.696064,-73.833082,40.631411,-73.865788,3.02,22,0,snow,medium,24.01,2026-08-20T22:15:00Z
BAD002,40.7,-73.9,40.7,-73.8,-2,8,1,clear,low,20,2026-08-01T08:00:00Z
TRIP00356,40.714676,-73.95217,40.817232,-73.984873,10.03,11,4,cloudy,high,47.53,2026-08-20T11:15:00Z
TRIP00077,40.759378,-73.851412,40.732575,-73.862892,9.33,8,0,snow,medium,51.99,2026-08-21T08:15:00Z
TRIP00439,40.757496,-73.864293,40.768699,-74.036824,6.67,2,5,cloudy,low,22.45,2026-08-19T02:15:00Z
TRIP00354,40.700568,-74.037632,40.625668,-73.959048,4.19,20,1,cloudy,medium,23.69,2026-08-18T20:15:00Z
TRIP00529,40.635563,-73.973718,40.702271,-73.811127,24.53,21,1,rain,medium,71.21,2026-08-25T21:15:00Z
TRIP00058,40.768214,-73.933063,40.700608,-73.915776,15.78,18,5,cloudy,medium,59.14,2026-08-02T18:15:00Z
TRIP00117,40.716689,-73.806046,40.670361,-73.833916,15.09,21,6,snow,medium,57.59,2026-08-05T21:15:00Z
TRIP00337,40.643516,-74.030797,40.737273,-73.90126,9.88,0,6,cloudy,low,21.76,2026-08-01T00:15:00Z
TRIP00504,40.610003,-73.968433,40.633842,-74.033391,3.92,2,4,snow,high,42.41,2026-08-28T02:15:00Z
TRIP00557,40.798165,-73.9622,40.849976,-73.844167,26.58,2,4,snow,low,72.21,2026-08-25T02:15:00Z
TRIP00092,40.842248,-74.045718,40.726132,-74.002673,12.3,6,5,clear,medium,42.85,2026-08-08T06:15:00Z
TRIP00510,40.663509,-73.927595,40.669292,-74.027667,8.12,22,6,snow,low,33.52,2026-08-06T22:15:00Z
TRIP00049,40.838051,-73.998215,40.693619,-73.966795,26.15,7,4,clear,low,72.08,2026-08-21T07:15:00Z
TRIP00576,40.655654,-73.969409,40.79417,-73.808149,12.85,6,4,snow,high,59.65,2026-08-16T06:15:00Z
TRIP00198,40.788994,-74.007965,40.671955,-73.902101,22.01,0,1,clear,low,53.22,2026-08-02T00:15:00Z
TRIP00069,40.834396,-73.989672,40.740466,-73.994617,18.92,19,6,snow,low,64.68,2026-08-13T19:15:00Z
TRIP00565,40.706113,-73.925943,40.608742,-73.92026,20.74,13,0,clear,high,66.12,2026-08-05T13:15:00Z
TRIP00363,40.748291,-73.928991,40.758187,-74.02003,13.73,11,2,cloudy,medium,42.86,2026-08-27T11:15:00Z
TRIP00234,40.748789,-74.033174,40.687987,-73.812965,9.65,8,2,cloudy,low,38.77,2026-08-10T08:15:00Z
TRIP00078,40.665767,-73.888517,40.715537,-73.815712,21.21,4,0,rain,high,73.85,2026-08-22T04:15:00Z
TRIP00293,40.762692,-73.965727,40.668765,-73.871617,5.95,10,2,cloudy,medium,24.24,2026-08-13T10:15:00Z
TRIP00466,40.70663,-73.832277,40.695176,-73.818326,6.26,3,3,cloudy,medium,27.5,2026-08-18T03:15:00Z
TRIP00257,40.710662,-73.840384,40.763657,-74.022693,27.22,16,4,rain,low,74.85,2026-08-05T16:15:00Z
TRIP00599,40.791305,-73.869995,40.79492,-73.984336,25.45,11,6,cloudy,high,73.89,2026-08-11T11:15:00Z
TRIP00370,40.781803,-73.839712,40.765504,-73.941563,12.75,18,4,clear,high,55.35,2026-08-06T18:15:00Z
TRIP00267,40.698345,-73.894541,40.790818,-73.913226,5.45,2,1,cloudy,medium,32.98,2026-08-15T02:15:00Z
TRIP00133,40.705599,-73.835565,40.713547,-74.004574,6.73,7,4,rain,medium,34.64,2026-08-21T07:15:00Z
TRIP00451,40.620198,-73.9731,40.657786,-73.993545,8.25,2,3,clear,high,44.33,2026-08-03T02:15:00Z
TRIP00027,40.833398,-74.04247,40.626803,-73.998015,23.27,12,1,clear,high,67.08,2026-08-27T12:15:00Z
TRIP00233,40.68251,-74.005219,40.674866,-74.027254,9.23,5,0,cloudy,high,44.93,2026-08-09T05:15:00Z
TRIP00538,40.821427,-73.8663,40.759848,-73.991037,5.4,6,4,snow,medium,30.42,2026-08-06T06:15:00Z
TRIP00140,40.799029,-73.982063,40.696655,-73.983474,1.94,5,4,rain,low,14.43,2026-08-28T05:15:00Z
TRIP00547,40.825845,-73.918029,40.717198,-73.988607,20.84,8,3,snow,low,65.39,2026-08-15T08:15:00Z
TRIP00435,40.842475,-73.855813,40.701656,-73.913553,17.78,18,6,rain,medium,63.09,2026-08-15T18:15:00Z
TRIP00048,40.790267,-73.967208,40.809241,-73.802084,6.18,14,4,cloudy,medium,29.59,2026-08-20T14:15:00Z
TRIP00010,40.768256,-74.0248,40.657082,-73.99019,21.38,13,2,clear,high,66.97,2026-08-10T13:15:00Z
TRIP00186,40.668586,-73.935254,40.605325,-73.828542,1.84,18,3,rain,low,19.1,2026-08-18T18:15:00Z
TRIP00545,40.819418,-73.814901,40.745634,-73.936295,12.81,2,5,rain,medium,40.74,2026-08-13T02:15:00Z
TRIP00581,40.765166,-73.817207,40.602011,-73.84538,27.91,20,2,clear,medium,69.47,2026-08-21T20:15:00Z
TRIP00426,40.812275,-73.947416,40.651783,-73.828288,2.69,2,0,snow,low,20.81,2026-08-06T02:15:00Z
TRIP00079,40.661329,-73.996046,40.666173,-74.018811,1.28,5,1,rain,high,30.93,2026-08-23T05:15:00Z
TRIP00137,40.797137,-73.889796,40.722363,-74.045721,27.24,12,6,rain,low,71.15,2026-08-25T12:15:00Z
TRIP00478,40.800699,-73.979139,40.78466,-73.853615,3.1,13,2,snow,low,22.93,2026-08-02T13:15:00Z
TRIP00289,40.817397,-73.871805,40.848796,-73.82665,23.69,20,1,snow,medium,77.36,2026-08-09T20:15:00Z
TRIP00492,40.648704,-73.938138,40.676865,-73.907755,12.12,7,2,snow,low,54.77,2026-08-16T07:15:00Z
TRIP00573,40.764049,-73.943431,40.783617,-73.989045,26.53,10,6,snow,medium,83.08,2026-08-13T10:15:00Z
TRIP00377,40.696079,-73.988508,40.613523,-73.92791,14.22,23,6,rain,low,42.76,2026-08-13T23:15:00Z
TRIP00008,40.631719,-73.826696,40.722059,-73.880843,19.05,4,6,snow,medium,64.59,2026-08-08T04:15:00Z
TRIP00128,40.82727,-73.873041,40.641831,-74.04488,20.49,11,6,cloudy,high,68.15,2026-08-16T11:15:00Z
TRIP00274,40.839894,-74.03308,40.745863,-74.039327,16.53,10,4,clear,high,51.56,2026-08-22T10:15:00Z
TRIP00089,40.760232,-73.932935,40.620847,-73.818626,14.97,19,6,clear,low,38.49,2026-08-05T19:15:00Z
TRIP00101,40.75104,-73.927499,40.664149,-73.976271,15.46,15,5,rain,low,44.57,2026-08-17T15:15:00Z
TRIP00122,40.814147,-73.826696,40.625623,-73.844307,20.94,21,2,snow,low,62.34,2026-08-10T21:15:00Z
TRIP00314,40.731356,-73.987526,40.836257,-73.865305,19.52,12,1,rain,medium,63.74,2026-08-06T12:15:00Z
TRIP00415,40.773062,-73.882576,40.842224,-73.950084,25.5,15,6,rain,medium,75.8,2026-08-23T15:15:00Z
TRIP00199,40.722113,-73.992377,40.668645,-73.988244,25.24,17,5,rain,low,74.92,2026-08-03T17:15:00Z
TRIP00167,40.847159,-73.821772,40.69883,-74.035335,24.17,2,3,clear,medium,65.62,2026-08-27T02:15:00Z
TRIP00334,40.732644,-73.896288,40.676261,-74.006192,6.6,8,0,clear,low,23.78,2026-08-26T08:15:00Z
TRIP00244,40.64915,-73.801676,40.637878,-73.847228,14.75,9,6,rain,low,50.79,2026-08-20T09:15:00Z
TRIP00020,40.765691,-73.986177,40.71326,-73.970241,3.96,13,6,cloudy,high,27.6,2026-08-20T13:15:00Z
TRIP00296,40.841402,-73.835062,40.778878,-73.829051,22.13,9,3,rain,high,86.78,2026-08-16T09:15:00Z
TRIP00305,40.604881,-73.974235,40.627629,-73.800626,2.02,21,4,rain,low,16.55,2026-08-25T21:15:00Z
TRIP00222,40.665815,-73.800232,40.675961,-74.036888,24.66,4,6,rain,high,77.6,2026-08-26T04:15:00Z
TRIP00570,40.825363,-73.800317,40.672117,-73.925897,22.34,14,2,snow,medium,72.55,2026-08-10T14:15:00Z
TRIP00249,40.677519,-73.980636,40.838964,-73.821584,23.7,1,1,cloudy,medium,67.14,2026-08-25T01:15:00Z
TRIP00309,40.611285,-73.818115,40.747222,-73.902697,21.52,12,3,cloudy,high,74.61,2026-08-01T12:15:00Z
TRIP00301,40.718848,-73.894303,40.812654,-73.898022,14.67,16,4,snow,high,73.95,2026-08-21T16:15:00Z
TRIP00389,40.607463,-73.856488,40.763138,-73.847535,16.89,14,1,clear,low,44.93,2026-08-25T14:15:00Z
TRIP00004,40.702216,-73.902077,40.611276,-73.991766,19.43,8,1,cloudy,low,55.08,2026-08-04T08:15:00Z
TRIP00431,40.684945,-74.032154,40.848541,-73.959419,10.1,13,2,cloudy,low,25.98,2026-08-11T13:15:00Z
TRIP00178,40.807165,-73.85713,40.616713,-73.936397,20.0,3,1,clear,medium,56.53,2026-08-10T03:15:00Z
TRIP00450,40.628042,-73.900459,40.717613,-73.888766,11.62,10,2,cloudy,low,27.85,2026-08-02T10:15:00Z
TRIP00053,40.705555,-73.945389,40.736235,-73.948611,26.45,8,0,cloudy,low,71.14,2026-08-25T08:15:00Z
TRIP00554,40.627877,-74.02569,40.716343,-73.971021,5.51,20,1,snow,high,47.98,2026-08-22T20:15:00Z
TRIP00173,40.825474,-74.007774,40.820804,-73.801384,9.66,21,6,cloudy,high,42.78,2026-08-05T21:15:00Z
TRIP00361,40.670369,-74.019805,40.627975,-73.835489,27.47,2,2,rain,high,89.53,2026-08-25T02:15:00Z
TRIP00362,40.77301,-74.01378,40.615104,-73.866737,25.4,19,2,snow,high,92.79,2026-08-26T19:15:00Z
TRIP00183,40.685549,-74.027273,40.664432,-73.922526,21.9,9,3,snow,low,72.27,2026-08-15T09:15:00Z
TRIP00472,40.718699,-73.858774,40.673939,-73.876227,3.36,4,4,clear,high,27.09,2026-08-24T04:15:00Z
TRIP00388,40.645788,-73.92522,40.683786,-73.829544,14.4,5,1,rain,low,44.56,2026-08-24T05:15:00Z
TRIP00254,40.730326,-73.862693,40.673508,-73.934983,7.13,17,6,cloudy,low,30.19,2026-08-02T17:15:00Z
TRIP00525,40.733809,-73.96386,40.803859,-73.962332,21.19,12,5,snow,medium,71.73,2026-08-21T12:15:00Z
TRIP00536,40.60589,-73.945628,40.751521,-73.927708,11.53,21,1,cloudy,medium,34.71,2026-08-04T21:15:00Z
TRIP00246,40.788588,-73.957061,40.753238,-73.822894,16.98,10,4,cloudy,low,45.16,2026-08-22T10:15:00Z
TRIP00255,40.74729,-73.969087,40.73551,-73.868315,10.8,9,5,snow,medium,55.22,2026-08-03T09:15:00Z
TRIP00348,40.702069,-74.03129,40.701275,-73.917624,8.22,14,0,clear,high,41.99,2026-08-12T14:15:00Z
TRIP00498,40.62986,-73.895302,40.69912,-73.972617,8.93,10,3,snow,high,54.47,2026-08-22T10:15:00Z
TRIP00534,40.740679,-73.954845,40.848212,-73.823974,20.7,19,1,rain,low,63.69,2026-08-02T19:15:00Z
TRIP00335,40.810965,-73.804701,40.604603,-73.821564,13.32,18,6,clear,high,56.97,2026-08-27T18:15:00Z
TRIP00433,40.799868,-73.915205,40.729366,-73.951145,2.35,1,2,rain,medium,20.52,2026-08-13T01:15:00Z
TRIP00365,40.746362,-73.863173,40.785423,-73.961584,18.34,6,2,snow,medium,65.51,2026-08-01T06:15:00Z
